Partition_ID,Verification,SAT_count,UNSAT_count,UNK_count,h_attempt,h_success,B_compression,S_compression,ST_compression,H_compression,T_compression,SV-time,S-time,HV-Time,H-Time,Total-Time,C-check,V-accurate,Original-acc,Pruned-acc,Acc-dec,C1,C2
1,unsat,0,1,0,0,0,0.9457,0.0,0.9457,0,0.9457,0.025,0.24,0,0.0,0.24,0,0,0.887,0.1312,-,,
2,sat,1,1,0,0,0,0.9457,0.0,0.9457,0,0.9457,0.024,0.21,0,0.0,0.21,1,1,0.887,0.1331,-,"[0.00e+00 0.00e+00 0.00e+00 0.00e+00 0.00e+00 0.00e+00 0.00e+00 1.00e+00
 0.00e+00 6.00e+00 4.70e+03 0.00e+00 5.00e+01 7.54e+02 6.00e+00 0.00e+00]","[1.00e+00 0.00e+00 0.00e+00 0.00e+00 0.00e+00 0.00e+00 0.00e+00 1.00e+00
 0.00e+00 6.00e+00 4.70e+03 0.00e+00 5.00e+01 7.54e+02 6.00e+00 0.00e+00]"
3,unsat,1,2,0,0,0,0.9457,0.0,0.9457,0,0.9457,0.022,0.21,0,0.0,0.21,0,0,0.887,0.1312,-,,
4,sat,2,2,0,0,0,0.8992,0.0,0.9147,0,0.9147,0.465,0.67,0,0.0,0.67,0,0,0.887,0.1307,-,"[  0.   8.   0.   3.   0.   0.   1.   1.   9.   6. 418.  -3.  45. 691.
   1.   1.]","[  1.   8.   0.   3.   0.   0.   1.   1.   9.   6. 418.  -3.  45. 691.
   1.   1.]"
5,unsat,2,3,0,0,0,0.9612,0.0,0.9612,0,0.9612,0.825,1.19,0,0.0,1.19,0,0,0.887,0.1312,-,,
6,unsat,2,4,0,0,0,0.9457,0.0,0.9457,0,0.9457,0.023,0.24,0,0.0,0.24,0,0,0.887,0.1312,-,,
7,unknown,2,4,1,1,0,0.4651,0.0,0.4806,0.155,0.6357,100.552,126.29,100.604,100.77,227.06,0,0,0.887,0.1329,-,,
8,sat,3,4,1,0,0,0.8992,0.0,0.9147,0,0.9147,0.199,0.99,0,0.0,0.99,0,0,0.887,0.1307,-,"[  1.   5.   2.   1.   1.   1.   1.   0.  11.   0. 700.  -3.  50. 599.
   7.   0.]","[  0.   5.   2.   1.   1.   1.   1.   0.  11.   0. 700.  -3.  50. 599.
   7.   0.]"
9,sat,4,4,1,0,0,0.8992,0.0,0.9147,0,0.9147,0.474,0.83,0,0.0,0.83,0,1,0.887,0.1307,-,"[  1.   5.   1.   6.   0.   1.   1.   0.   2.   0. 714.   0.  50. 489.
   7.   2.]","[  0.   5.   1.   6.   0.   1.   1.   0.   2.   0. 714.   0.  50. 489.
   7.   2.]"
10,sat,5,4,1,0,0,0.9147,0.0078,0.938,0,0.938,0.041,2.25,0,0.0,2.25,1,1,0.887,0.1307,-,"[1.000e+00 2.000e+00 1.000e+00 0.000e+00 0.000e+00 0.000e+00 1.000e+00
 1.000e+00 1.000e+01 0.000e+00 1.122e+03 1.000e+00 4.700e+01 3.890e+02
 7.000e+00 0.000e+00]","[0.000e+00 2.000e+00 1.000e+00 0.000e+00 0.000e+00 0.000e+00 1.000e+00
 1.000e+00 1.000e+01 0.000e+00 1.122e+03 1.000e+00 4.700e+01 3.890e+02
 7.000e+00 0.000e+00]"
11,sat,6,4,1,0,0,0.9225,0.0078,0.9457,0,0.9457,0.033,1.7,0,0.0,1.7,1,1,0.887,0.1307,-,"[1.00e+00 0.00e+00 0.00e+00 0.00e+00 1.00e+00 0.00e+00 1.00e+00 1.00e+00
 7.00e+00 2.00e+00 1.50e+03 1.00e+00 4.90e+01 7.96e+02 6.00e+00 1.00e+00]","[0.00e+00 0.00e+00 0.00e+00 0.00e+00 1.00e+00 0.00e+00 1.00e+00 1.00e+00
 7.00e+00 2.00e+00 1.50e+03 1.00e+00 4.90e+01 7.96e+02 6.00e+00 1.00e+00]"
12,unsat,6,5,1,0,0,0.9457,0.0,0.9457,0,0.9457,0.03,0.25,0,0.0,0.25,0,0,0.887,0.1312,-,,
13,sat,7,5,1,0,0,0.9457,0.0,0.9457,0,0.9457,0.034,0.23,0,0.0,0.23,1,1,0.887,0.1331,-,"[1.000e+00 3.000e+00 0.000e+00 0.000e+00 1.000e+00 1.000e+00 0.000e+00
 0.000e+00 0.000e+00 0.000e+00 2.109e+03 1.000e+00 5.000e+01 2.890e+02
 1.000e+00 0.000e+00]","[0.000e+00 3.000e+00 0.000e+00 0.000e+00 1.000e+00 1.000e+00 0.000e+00
 0.000e+00 0.000e+00 0.000e+00 2.109e+03 1.000e+00 5.000e+01 2.890e+02
 1.000e+00 0.000e+00]"
14,unsat,7,6,1,0,0,0.9535,0.0078,0.9535,0,0.9535,2.26,3.21,0,0.0,3.21,0,0,0.887,0.1312,-,,
15,sat,8,6,1,0,0,0.9457,0.0,0.9457,0,0.9457,0.025,0.22,0,0.0,0.22,1,1,0.887,0.1331,-,"[1.000e+00 1.000e+01 1.000e+00 0.000e+00 1.000e+00 0.000e+00 1.000e+00
 0.000e+00 0.000e+00 0.000e+00 2.108e+03 0.000e+00 4.400e+01 3.000e+02
 1.000e+00 0.000e+00]","[0.000e+00 1.000e+01 1.000e+00 0.000e+00 1.000e+00 0.000e+00 1.000e+00
 0.000e+00 0.000e+00 0.000e+00 2.108e+03 0.000e+00 4.400e+01 3.000e+02
 1.000e+00 0.000e+00]"
16,unsat,8,7,1,0,0,0.938,0.0233,0.9535,0,0.9535,1.708,3.95,0,0.0,3.95,0,0,0.887,0.1312,-,,
17,unsat,8,8,1,0,0,0.9457,0.0,0.9457,0,0.9457,0.02,0.21,0,0.0,0.21,0,0,0.887,0.1312,-,,
18,sat,9,8,1,0,0,0.9457,0.0,0.9457,0,0.9457,0.039,0.41,0,0.0,0.41,1,1,0.887,0.1331,-,"[ 1.000e+00  1.000e+01  0.000e+00  6.000e+00  1.000e+00  1.000e+00
  1.000e+00  0.000e+00  1.000e+01  0.000e+00  4.399e+03 -3.000e+00
  1.000e+00  8.000e+02  7.000e+00  2.000e+00]","[ 0.000e+00  1.000e+01  0.000e+00  6.000e+00  1.000e+00  1.000e+00
  1.000e+00  0.000e+00  1.000e+01  0.000e+00  4.399e+03 -3.000e+00
  1.000e+00  8.000e+02  7.000e+00  2.000e+00]"
19,sat,10,8,1,0,0,0.9147,0.0,0.9302,0,0.9302,0.05,0.77,0,0.0,0.77,1,1,0.887,0.1307,-,"[0.00e+00 2.00e+00 2.00e+00 0.00e+00 0.00e+00 0.00e+00 1.00e+00 1.00e+00
 9.00e+00 1.00e+00 1.40e+03 0.00e+00 5.00e+01 8.99e+02 4.00e+00 0.00e+00]","[1.00e+00 2.00e+00 2.00e+00 0.00e+00 0.00e+00 0.00e+00 1.00e+00 1.00e+00
 9.00e+00 1.00e+00 1.40e+03 0.00e+00 5.00e+01 8.99e+02 4.00e+00 0.00e+00]"
20,unsat,10,9,1,0,0,0.9535,0.0078,0.9535,0,0.9535,2.299,3.27,0,0.0,3.27,0,0,0.887,0.1312,-,,
21,sat,11,9,1,0,0,0.8992,0.0,0.9147,0,0.9147,0.363,1.11,0,0.0,1.11,0,0,0.887,0.1307,-,"[  1.   9.   1.   6.   0.   0.   1.   1.   6.   3. 800.  -2.  47. 791.
   6.   1.]","[  0.   9.   1.   6.   0.   0.   1.   1.   6.   3. 800.  -2.  47. 791.
   6.   1.]"
22,unknown,11,9,2,1,0,0.4031,0.0,0.4264,0.0853,0.5116,100.282,128.48,100.701,100.89,229.38,0,0,0.887,0.131,-,,
23,sat,12,9,2,0,0,0.907,0.0,0.9225,0,0.9225,0.056,0.85,0,0.0,0.85,0,0,0.887,0.1307,-,"[  1.   7.   0.   1.   1.   0.   1.   1.   4.   0. 900.   0.  48. 456.
   5.   0.]","[  0.   7.   0.   1.   1.   0.   1.   1.   4.   0. 900.   0.  48. 456.
   5.   0.]"
24,sat,13,9,2,0,0,0.9147,0.0,0.9302,0,0.9302,0.048,1.5,0,0.0,1.5,1,1,0.887,0.1307,-,"[1.00e+00 0.00e+00 0.00e+00 1.00e+00 1.00e+00 1.00e+00 1.00e+00 1.00e+00
 3.00e+00 0.00e+00 1.30e+03 1.00e+00 1.50e+01 6.93e+02 7.00e+00 1.00e+00]","[0.00e+00 0.00e+00 0.00e+00 1.00e+00 1.00e+00 1.00e+00 1.00e+00 1.00e+00
 3.00e+00 0.00e+00 1.30e+03 1.00e+00 1.50e+01 6.93e+02 7.00e+00 1.00e+00]"
25,unsat,13,10,2,0,0,0.969,0.0,0.969,0,0.969,0.147,0.34,0,0.0,0.34,0,0,0.887,0.1312,-,,
26,sat,14,10,2,0,0,0.8992,0.0,0.9147,0,0.9147,0.675,0.89,0,0.0,0.89,0,0,0.887,0.1307,-,"[  0.  10.   0.   5.   1.   1.   1.   0.   0.   4. 327.  -3.  49. 809.
   0.   2.]","[  1.  10.   0.   5.   1.   1.   1.   0.   0.   4. 327.  -3.  49. 809.
   0.   2.]"
27,sat,15,10,2,0,0,0.9457,0.0,0.9457,0,0.9457,0.044,0.27,0,0.0,0.27,1,1,0.887,0.1331,-,"[1.000e+00 3.000e+00 1.000e+00 0.000e+00 1.000e+00 1.000e+00 1.000e+00
 0.000e+00 0.000e+00 0.000e+00 4.507e+03 0.000e+00 2.000e+00 8.000e+02
 4.000e+00 1.000e+00]","[0.000e+00 3.000e+00 1.000e+00 0.000e+00 1.000e+00 1.000e+00 1.000e+00
 0.000e+00 0.000e+00 0.000e+00 4.507e+03 0.000e+00 2.000e+00 8.000e+02
 4.000e+00 1.000e+00]"
28,sat,16,10,2,0,0,0.8992,0.0,0.9147,0,0.9147,0.361,0.56,0,0.0,0.56,1,1,0.887,0.1307,-,"[  1.   5.   2.   3.   1.   1.   1.   1.   2.   6. 603.  -1.  50. 481.
   6.   1.]","[  0.   5.   2.   3.   1.   1.   1.   1.   2.   6. 603.  -1.  50. 481.
   6.   1.]"
29,unsat,16,11,2,0,0,0.9457,0.0,0.9457,0,0.9457,0.03,0.24,0,0.0,0.24,0,0,0.887,0.1312,-,,
30,unsat,16,12,2,0,0,0.9457,0.0,0.9457,0,0.9457,0.026,0.23,0,0.0,0.23,0,0,0.887,0.1312,-,,
31,sat,17,12,2,0,0,0.9457,0.0,0.9457,0,0.9457,0.052,0.25,0,0.0,0.25,1,1,0.887,0.1331,-,"[1.000e+00 1.000e+00 0.000e+00 1.000e+00 1.000e+00 0.000e+00 0.000e+00
 1.000e+00 0.000e+00 1.000e+00 2.449e+03 1.000e+00 1.700e+01 4.000e+02
 2.000e+00 0.000e+00]","[0.000e+00 1.000e+00 0.000e+00 1.000e+00 1.000e+00 0.000e+00 0.000e+00
 1.000e+00 0.000e+00 1.000e+00 2.449e+03 1.000e+00 1.700e+01 4.000e+02
 2.000e+00 0.000e+00]"
32,unsat,17,13,2,0,0,0.9612,0.0,0.9612,0,0.9612,0.62,0.98,0,0.0,0.98,0,0,0.887,0.1312,-,,
33,sat,18,13,2,0,0,0.938,0.0,0.9457,0,0.9457,0.032,0.91,0,0.0,0.91,1,1,0.887,0.1307,-,"[0.00e+00 0.00e+00 0.00e+00 1.00e+00 1.00e+00 1.00e+00 0.00e+00 1.00e+00
 2.00e+00 0.00e+00 1.70e+03 1.00e+00 5.00e+01 9.84e+02 6.00e+00 0.00e+00]","[1.00e+00 0.00e+00 0.00e+00 1.00e+00 1.00e+00 1.00e+00 0.00e+00 1.00e+00
 2.00e+00 0.00e+00 1.70e+03 1.00e+00 5.00e+01 9.84e+02 6.00e+00 0.00e+00]"
34,sat,19,13,2,0,0,0.8992,0.0,0.9147,0,0.9147,0.396,1.17,0,0.0,1.17,0,0,0.887,0.1307,-,"[  1.   8.   2.   6.   0.   0.   1.   1.   0.   6. 728.  -3.  50. 955.
   7.   2.]","[  0.   8.   2.   6.   0.   0.   1.   1.   0.   6. 728.  -3.  50. 955.
   7.   2.]"
35,sat,20,13,2,0,0,0.9457,0.0,0.9457,0,0.9457,0.065,0.24,0,0.0,0.24,1,1,0.887,0.1331,-,"[0.00e+00 4.00e+00 2.00e+00 0.00e+00 0.00e+00 0.00e+00 0.00e+00 1.00e+00
 0.00e+00 6.00e+00 1.80e+03 0.00e+00 1.00e+00 3.03e+02 1.00e+00 0.00e+00]","[1.00e+00 4.00e+00 2.00e+00 0.00e+00 0.00e+00 0.00e+00 0.00e+00 1.00e+00
 0.00e+00 6.00e+00 1.80e+03 0.00e+00 1.00e+00 3.03e+02 1.00e+00 0.00e+00]"
36,sat,21,13,2,0,0,0.907,0.0,0.9225,0,0.9225,0.174,1.49,0,0.0,1.49,1,1,0.887,0.1307,-,"[1.000e+00 7.000e+00 1.000e+00 0.000e+00 0.000e+00 0.000e+00 0.000e+00
 0.000e+00 0.000e+00 0.000e+00 1.208e+03 0.000e+00 1.000e+00 9.000e+02
 5.000e+00 0.000e+00]","[0.000e+00 7.000e+00 1.000e+00 0.000e+00 0.000e+00 0.000e+00 0.000e+00
 0.000e+00 0.000e+00 0.000e+00 1.208e+03 0.000e+00 1.000e+00 9.000e+02
 5.000e+00 0.000e+00]"
37,unsat,21,14,2,0,0,0.9612,0.0,0.9612,0,0.9612,0.47,0.83,0,0.0,0.83,0,0,0.887,0.1312,-,,
38,unsat,21,15,2,0,0,0.9767,0.0,0.9767,0,0.9767,0.016,0.22,0,0.0,0.22,0,0,0.887,0.1312,-,,
39,sat,22,15,2,0,0,0.8992,0.0,0.9147,0,0.9147,0.502,0.71,0,0.0,0.71,0,0,0.887,0.1307,-,"[  0.   1.   0.   6.   1.   1.   1.   1.   0.   6. 403.  -1.  50. 297.
   7.   1.]","[  1.   1.   0.   6.   1.   1.   1.   1.   0.   6. 403.  -1.  50. 297.
   7.   1.]"
40,sat,23,15,2,0,0,0.907,0.0,0.9225,0,0.9225,0.046,1.4,0,0.0,1.4,0,0,0.887,0.1307,-,"[1.00e+00 9.00e+00 1.00e+00 1.00e+00 1.00e+00 0.00e+00 1.00e+00 1.00e+00
 1.00e+00 0.00e+00 1.10e+03 1.00e+00 4.60e+01 5.88e+02 6.00e+00 2.00e+00]","[0.00e+00 9.00e+00 1.00e+00 1.00e+00 1.00e+00 0.00e+00 1.00e+00 1.00e+00
 1.00e+00 0.00e+00 1.10e+03 1.00e+00 4.60e+01 5.88e+02 6.00e+00 2.00e+00]"
41,unsat,23,16,2,0,0,0.9457,0.0,0.9457,0,0.9457,0.029,0.24,0,0.0,0.24,0,0,0.887,0.1312,-,,
42,sat,24,16,2,0,0,0.9457,0.0,0.9457,0,0.9457,0.048,2.49,0,0.0,2.49,1,1,0.887,0.1331,-,"[1.00e+00 1.00e+00 2.00e+00 1.00e+00 0.00e+00 0.00e+00 0.00e+00 1.00e+00
 2.00e+00 6.00e+00 3.90e+03 1.00e+00 5.00e+01 5.99e+02 1.00e+00 0.00e+00]","[0.00e+00 1.00e+00 2.00e+00 1.00e+00 0.00e+00 0.00e+00 0.00e+00 1.00e+00
 2.00e+00 6.00e+00 3.90e+03 1.00e+00 5.00e+01 5.99e+02 1.00e+00 0.00e+00]"
43,unsat,24,17,2,0,0,0.9457,0.0,0.9457,0,0.9457,0.028,0.24,0,0.0,0.24,0,0,0.887,0.1312,-,,
44,unsat,24,18,2,0,0,0.9457,0.0,0.9457,0,0.9457,0.029,0.23,0,0.0,0.23,0,0,0.887,0.1312,-,,
45,unsat,24,19,2,0,0,0.9457,0.0,0.9457,0,0.9457,0.032,0.24,0,0.0,0.24,0,0,0.887,0.1312,-,,
46,unsat,24,20,2,0,0,0.9535,0.0078,0.9535,0,0.9535,3.14,4.12,0,0.0,4.12,0,0,0.887,0.1312,-,,
47,unsat,24,21,2,0,0,0.9457,0.0,0.9457,0,0.9457,0.023,0.24,0,0.0,0.24,0,0,0.887,0.1312,-,,
48,unsat,24,22,2,0,0,0.9612,0.0,0.9612,0,0.9612,0.481,0.89,0,0.0,0.89,0,0,0.887,0.1312,-,,
49,sat,25,22,2,0,0,0.7519,0.0078,0.7752,0,0.7752,4.733,15.46,0,0.0,15.46,0,0,0.887,0.1307,-,"[  0.   9.   2.   1.   0.   1.   0.   0.   0.   1. 200.  -2.  30. 400.
   3.   1.]","[  1.   9.   2.   1.   0.   1.   0.   0.   0.   1. 200.  -2.  30. 400.
   3.   1.]"
50,unsat,25,23,2,0,0,0.9457,0.0,0.9457,0,0.9457,0.019,0.2,0,0.0,0.2,0,0,0.887,0.1312,-,,
51,unsat,25,24,2,0,0,0.9612,0.0,0.9612,0,0.9612,0.795,1.19,0,0.0,1.19,0,0,0.887,0.1312,-,,
52,unsat,25,25,2,0,0,0.9457,0.0,0.9457,0,0.9457,0.029,0.22,0,0.0,0.22,0,0,0.887,0.1312,-,,
53,sat,26,25,2,0,0,0.9457,0.0,0.9457,0,0.9457,0.039,0.25,0,0.0,0.25,1,1,0.887,0.1331,-,"[1.000e+00 3.000e+00 1.000e+00 0.000e+00 1.000e+00 0.000e+00 1.000e+00
 0.000e+00 2.000e+00 0.000e+00 1.209e+03 1.000e+00 7.000e+00 2.020e+02
 2.000e+00 0.000e+00]","[0.000e+00 3.000e+00 1.000e+00 0.000e+00 1.000e+00 0.000e+00 1.000e+00
 0.000e+00 2.000e+00 0.000e+00 1.209e+03 1.000e+00 7.000e+00 2.020e+02
 2.000e+00 0.000e+00]"
54,sat,27,25,2,0,0,0.9457,0.0,0.9457,0,0.9457,0.058,0.26,0,0.0,0.26,1,1,0.887,0.1331,-,"[1.0e+00 5.0e+00 0.0e+00 3.0e+00 1.0e+00 1.0e+00 1.0e+00 0.0e+00 4.0e+00
 0.0e+00 1.7e+03 1.0e+00 3.0e+00 3.0e+02 2.0e+00 2.0e+00]","[0.0e+00 5.0e+00 0.0e+00 3.0e+00 1.0e+00 1.0e+00 1.0e+00 0.0e+00 4.0e+00
 0.0e+00 1.7e+03 1.0e+00 3.0e+00 3.0e+02 2.0e+00 2.0e+00]"
55,unsat,27,26,2,0,0,0.9457,0.0,0.9457,0,0.9457,0.027,0.22,0,0.0,0.22,0,0,0.887,0.1312,-,,
56,unsat,27,27,2,0,0,0.9457,0.0,0.9457,0,0.9457,0.029,0.24,0,0.0,0.25,0,0,0.887,0.1312,-,,
57,unsat,27,28,2,0,0,0.9535,0.0078,0.9535,0,0.9535,2.807,3.75,0,0.0,3.75,0,0,0.887,0.1312,-,,
58,unknown,27,28,3,1,0,0.5969,0.0,0.6202,0.0233,0.6434,100.247,122.21,100.1,100.2,222.41,0,0,0.887,0.1307,-,,
59,sat,28,28,3,0,0,0.9457,0.0,0.9457,0,0.9457,0.053,0.3,0,0.0,0.3,1,1,0.887,0.1331,-,"[ 0.000e+00  1.000e+01  1.000e+00  3.000e+00  1.000e+00  1.000e+00
  1.000e+00  0.000e+00  6.000e+00  0.000e+00  2.299e+03 -3.000e+00
  1.000e+00  4.190e+02  7.000e+00  2.000e+00]","[ 1.000e+00  1.000e+01  1.000e+00  3.000e+00  1.000e+00  1.000e+00
  1.000e+00  0.000e+00  6.000e+00  0.000e+00  2.299e+03 -3.000e+00
  1.000e+00  4.190e+02  7.000e+00  2.000e+00]"
60,sat,29,28,3,0,0,0.9457,0.0,0.9457,0,0.9457,0.042,0.25,0,0.0,0.25,1,1,0.887,0.1331,-,"[0.00e+00 0.00e+00 0.00e+00 0.00e+00 0.00e+00 0.00e+00 0.00e+00 1.00e+00
 0.00e+00 5.00e+00 2.90e+03 0.00e+00 5.00e+01 4.34e+02 6.00e+00 0.00e+00]","[1.00e+00 0.00e+00 0.00e+00 0.00e+00 0.00e+00 0.00e+00 0.00e+00 1.00e+00
 0.00e+00 5.00e+00 2.90e+03 0.00e+00 5.00e+01 4.34e+02 6.00e+00 0.00e+00]"
61,sat,30,28,3,0,0,0.8992,0.0,0.9147,0,0.9147,0.278,1.04,0,0.0,1.04,1,1,0.887,0.1327,-,"[  0.   9.   0.   6.   1.   0.   1.   0.  10.   3. 797.   1.  34. 101.
   7.   0.]","[  1.   9.   0.   6.   1.   0.   1.   0.  10.   3. 797.   1.  34. 101.
   7.   0.]"
62,unsat,30,29,3,0,0,0.9535,0.0078,0.9535,0,0.9535,3.45,4.5,0,0.0,4.5,0,0,0.887,0.1312,-,,
63,unsat,30,30,3,0,0,0.9535,0.0078,0.9535,0,0.9535,2.32,3.74,0,0.0,3.74,0,0,0.887,0.1312,-,,
64,unknown,30,30,4,1,0,0.2868,0.0,0.3101,0.155,0.4651,101.69,115.91,100.052,100.42,216.34,0,0,0.887,0.131,-,,
65,unsat,30,31,4,0,0,0.969,0.0,0.969,0,0.969,0.192,0.4,0,0.0,0.4,0,0,0.887,0.1312,-,,
66,sat,31,31,4,0,0,0.7287,0.0,0.7442,0,0.7442,4.292,16.46,0,0.0,16.46,0,0,0.887,0.1307,-,"[  1.   2.   1.   1.   0.   1.   0.   0.   0.   2. 212.  -2.  50. 194.
   7.   1.]","[  0.   2.   1.   1.   0.   1.   0.   0.   0.   2. 212.  -2.  50. 194.
   7.   1.]"
67,sat,32,31,4,0,0,0.9147,0.0,0.9302,0,0.9302,0.045,1.01,0,0.0,1.01,0,1,0.887,0.1307,-,"[   1.    1.    0.    0.    1.    0.    0.    0.   11.    0. 1000.    0.
   50.  398.    7.    0.]","[   0.    1.    0.    0.    1.    0.    0.    0.   11.    0. 1000.    0.
   50.  398.    7.    0.]"
68,unsat,32,32,4,0,0,0.9612,0.0,0.9612,0,0.9612,0.745,1.14,0,0.0,1.14,0,0,0.887,0.1312,-,,
69,unknown,32,32,5,1,0,0.2946,0.0,0.3178,0.1163,0.4341,102.317,125.07,100.143,100.52,225.59,0,0,0.887,0.1329,-,,
70,unsat,32,33,5,0,0,0.9612,0.0,0.9612,0,0.9612,0.536,0.92,0,0.0,0.92,0,0,0.887,0.1312,-,,
71,unsat,32,34,5,0,0,0.9767,0.0,0.9767,0,0.9767,0.017,0.8,0,0.0,0.8,0,0,0.887,0.8819,-,,
72,sat,33,34,5,0,0,0.9457,0.0,0.9457,0,0.9457,0.049,0.26,0,0.0,0.26,1,1,0.887,0.1331,-,"[1.000e+00 0.000e+00 0.000e+00 2.000e+00 1.000e+00 1.000e+00 1.000e+00
 1.000e+00 0.000e+00 5.000e+00 4.203e+03 1.000e+00 4.800e+01 6.640e+02
 5.000e+00 0.000e+00]","[0.000e+00 0.000e+00 0.000e+00 2.000e+00 1.000e+00 1.000e+00 1.000e+00
 1.000e+00 0.000e+00 5.000e+00 4.203e+03 1.000e+00 4.800e+01 6.640e+02
 5.000e+00 0.000e+00]"
73,sat,34,34,5,0,0,0.9457,0.0,0.9457,0,0.9457,0.055,0.27,0,0.0,0.27,1,1,0.887,0.1331,-,"[ 1.00e+00  4.00e+00  1.00e+00  2.00e+00  1.00e+00  1.00e+00  0.00e+00
  1.00e+00  0.00e+00  3.00e+00  3.10e+03 -1.00e+00  4.60e+01  4.69e+02
  1.00e+00  2.00e+00]","[ 0.00e+00  4.00e+00  1.00e+00  2.00e+00  1.00e+00  1.00e+00  0.00e+00
  1.00e+00  0.00e+00  3.00e+00  3.10e+03 -1.00e+00  4.60e+01  4.69e+02
  1.00e+00  2.00e+00]"
74,unsat,34,35,5,0,0,0.969,0.0,0.969,0,0.969,0.115,0.48,0,0.0,0.48,0,0,0.887,0.1312,-,,
75,unsat,34,36,5,0,0,0.9457,0.0,0.9457,0,0.9457,0.027,0.23,0,0.0,0.23,0,0,0.887,0.1312,-,,
76,unsat,34,37,5,0,0,0.9457,0.0,0.9457,0,0.9457,0.031,0.25,0,0.0,0.25,0,0,0.887,0.1312,-,,
77,unsat,34,38,5,0,0,0.9612,0.0,0.9612,0,0.9612,0.333,0.71,0,0.0,0.71,0,0,0.887,0.1312,-,,
78,sat,35,38,5,0,0,0.9767,0.0,0.9767,0,0.9767,0.023,0.83,0,0.0,0.83,1,1,0.887,0.8819,-,"[0.00e+00 0.00e+00 2.00e+00 0.00e+00 0.00e+00 1.00e+00 0.00e+00 1.00e+00
 8.00e+00 6.00e+00 2.30e+03 0.00e+00 5.00e+01 2.99e+02 0.00e+00 0.00e+00]","[1.00e+00 0.00e+00 2.00e+00 0.00e+00 0.00e+00 1.00e+00 0.00e+00 1.00e+00
 8.00e+00 6.00e+00 2.30e+03 0.00e+00 5.00e+01 2.99e+02 0.00e+00 0.00e+00]"
79,sat,36,38,5,0,0,0.9457,0.0,0.9457,0,0.9457,0.047,2.64,0,0.0,2.64,1,1,0.887,0.1331,-,"[1.000e+00 0.000e+00 2.000e+00 0.000e+00 0.000e+00 1.000e+00 0.000e+00
 1.000e+00 0.000e+00 6.000e+00 2.892e+03 1.000e+00 4.900e+01 3.990e+02
 0.000e+00 0.000e+00]","[0.000e+00 0.000e+00 2.000e+00 0.000e+00 0.000e+00 1.000e+00 0.000e+00
 1.000e+00 0.000e+00 6.000e+00 2.892e+03 1.000e+00 4.900e+01 3.990e+02
 0.000e+00 0.000e+00]"
80,unsat,36,39,5,0,0,0.969,0.0,0.969,0,0.969,0.112,0.49,0,0.0,0.49,0,0,0.887,0.1312,-,,
81,sat,37,39,5,0,0,0.907,0.0,0.9225,0,0.9225,0.109,1.53,0,0.0,1.53,1,1,0.887,0.1307,-,"[1.00e+00 1.00e+01 0.00e+00 2.00e+00 0.00e+00 0.00e+00 0.00e+00 1.00e+00
 0.00e+00 0.00e+00 1.30e+03 0.00e+00 5.00e+01 9.84e+02 4.00e+00 1.00e+00]","[0.00e+00 1.00e+01 0.00e+00 2.00e+00 0.00e+00 0.00e+00 0.00e+00 1.00e+00
 0.00e+00 0.00e+00 1.30e+03 0.00e+00 5.00e+01 9.84e+02 4.00e+00 1.00e+00]"
82,sat,38,39,5,0,0,0.9457,0.0,0.9457,0,0.9457,0.061,0.31,0,0.0,0.31,1,1,0.887,0.1331,-,"[0.000e+00 0.000e+00 0.000e+00 0.000e+00 1.000e+00 1.000e+00 0.000e+00
 0.000e+00 3.000e+00 6.000e+00 4.501e+03 1.000e+00 5.000e+01 7.160e+02
 0.000e+00 1.000e+00]","[1.000e+00 0.000e+00 0.000e+00 0.000e+00 1.000e+00 1.000e+00 0.000e+00
 0.000e+00 3.000e+00 6.000e+00 4.501e+03 1.000e+00 5.000e+01 7.160e+02
 0.000e+00 1.000e+00]"
83,sat,39,39,5,0,0,0.8992,0.0,0.9147,0,0.9147,0.651,1.64,0,0.0,1.64,1,1,0.887,0.1307,-,"[ 0.000e+00  1.000e+00  0.000e+00  2.000e+00  1.000e+00  0.000e+00
  0.000e+00  1.000e+00  1.100e+01  4.000e+00  1.002e+03 -3.000e+00
  4.900e+01  8.920e+02  7.000e+00  1.000e+00]","[ 1.000e+00  1.000e+00  0.000e+00  2.000e+00  1.000e+00  0.000e+00
  0.000e+00  1.000e+00  1.100e+01  4.000e+00  1.002e+03 -3.000e+00
  4.900e+01  8.920e+02  7.000e+00  1.000e+00]"
84,unsat,39,40,5,0,0,0.9457,0.0,0.9457,0,0.9457,0.029,0.27,0,0.0,0.27,0,0,0.887,0.1312,-,,
85,sat,40,40,5,0,0,0.8992,0.0,0.9147,0,0.9147,0.677,1.47,0,0.0,1.47,0,0,0.887,0.1307,-,"[  1.   0.   0.   6.   0.   1.   1.   1.   0.   5. 800.  -3.  50. 956.
   6.   1.]","[  0.   0.   0.   6.   0.   1.   1.   1.   0.   5. 800.  -3.  50. 956.
   6.   1.]"
86,sat,41,40,5,0,0,0.907,0.0,0.9225,0,0.9225,0.081,0.87,0,0.0,0.87,0,0,0.887,0.1307,-,"[0.000e+00 6.000e+00 1.000e+00 0.000e+00 1.000e+00 1.000e+00 1.000e+00
 1.000e+00 0.000e+00 0.000e+00 1.016e+03 1.000e+00 5.000e+01 4.920e+02
 4.000e+00 0.000e+00]","[1.000e+00 6.000e+00 1.000e+00 0.000e+00 1.000e+00 1.000e+00 1.000e+00
 1.000e+00 0.000e+00 0.000e+00 1.016e+03 1.000e+00 5.000e+01 4.920e+02
 4.000e+00 0.000e+00]"
87,sat,42,40,5,0,0,0.8992,0.0,0.9147,0,0.9147,1.221,1.44,0,0.0,1.44,0,0,0.887,0.1307,-,"[  0.   9.   2.   1.   0.   0.   1.   1.   1.   6. 592.   0.  18. 375.
   6.   0.]","[  1.   9.   2.   1.   0.   0.   1.   1.   1.   6. 592.   0.  18. 375.
   6.   0.]"
88,unsat,42,41,5,0,0,0.969,0.0,0.969,0,0.969,0.135,0.52,0,0.0,0.52,0,0,0.887,0.1312,-,,
89,sat,43,41,5,0,0,0.9457,0.0,0.9457,0,0.9457,0.031,0.25,0,0.0,0.25,1,1,0.887,0.1331,-,"[1.000e+00 0.000e+00 1.000e+00 0.000e+00 0.000e+00 0.000e+00 0.000e+00
 1.000e+00 1.000e+01 6.000e+00 2.708e+03 0.000e+00 4.800e+01 4.000e+02
 0.000e+00 0.000e+00]","[0.000e+00 0.000e+00 1.000e+00 0.000e+00 0.000e+00 0.000e+00 0.000e+00
 1.000e+00 1.000e+01 6.000e+00 2.708e+03 0.000e+00 4.800e+01 4.000e+02
 0.000e+00 0.000e+00]"
90,sat,44,41,5,0,0,0.9302,0.0,0.9457,0,0.9457,0.038,1.17,0,0.0,1.17,1,1,0.887,0.1307,-,"[1.00e+00 0.00e+00 0.00e+00 0.00e+00 1.00e+00 0.00e+00 0.00e+00 1.00e+00
 1.10e+01 0.00e+00 1.30e+03 1.00e+00 5.00e+01 4.95e+02 7.00e+00 0.00e+00]","[0.00e+00 0.00e+00 0.00e+00 0.00e+00 1.00e+00 0.00e+00 0.00e+00 1.00e+00
 1.10e+01 0.00e+00 1.30e+03 1.00e+00 5.00e+01 4.95e+02 7.00e+00 0.00e+00]"
91,sat,45,41,5,0,0,0.907,0.0,0.9225,0,0.9225,0.047,2.06,0,0.0,2.06,1,1,0.887,0.1307,-,"[1.000e+00 1.000e+00 1.000e+00 0.000e+00 0.000e+00 1.000e+00 0.000e+00
 0.000e+00 0.000e+00 0.000e+00 1.413e+03 1.000e+00 6.000e+00 9.090e+02
 6.000e+00 1.000e+00]","[0.000e+00 1.000e+00 1.000e+00 0.000e+00 0.000e+00 1.000e+00 0.000e+00
 0.000e+00 0.000e+00 0.000e+00 1.413e+03 1.000e+00 6.000e+00 9.090e+02
 6.000e+00 1.000e+00]"
92,unsat,45,42,5,0,0,0.9457,0.0,0.9457,0,0.9457,0.028,0.23,0,0.0,0.23,0,0,0.887,0.1312,-,,
93,unsat,45,43,5,0,0,0.9457,0.0,0.9457,0,0.9457,0.029,0.24,0,0.0,0.24,0,0,0.887,0.1312,-,,
94,sat,46,43,5,0,0,0.9457,0.0,0.9457,0,0.9457,0.05,0.27,0,0.0,0.27,1,1,0.887,0.1331,-,"[1.000e+00 0.000e+00 1.000e+00 0.000e+00 0.000e+00 1.000e+00 0.000e+00
 0.000e+00 1.000e+00 0.000e+00 3.502e+03 0.000e+00 5.000e+01 5.200e+02
 1.000e+00 0.000e+00]","[0.000e+00 0.000e+00 1.000e+00 0.000e+00 0.000e+00 1.000e+00 0.000e+00
 0.000e+00 1.000e+00 0.000e+00 3.502e+03 0.000e+00 5.000e+01 5.200e+02
 1.000e+00 0.000e+00]"
95,unknown,46,43,6,1,0,0.5271,0.0,0.5426,0.2248,0.7674,100.168,124.88,100.12,100.22,225.11,0,0,0.887,0.1327,-,,
96,unsat,46,44,6,0,0,0.9767,0.0,0.9767,0,0.9767,0.02,0.24,0,0.0,0.24,0,0,0.887,0.1312,-,,
97,sat,47,44,6,0,0,0.9457,0.0,0.9457,0,0.9457,0.042,0.26,0,0.0,0.26,1,1,0.887,0.1331,-,"[1.000e+00 5.000e+00 0.000e+00 6.000e+00 0.000e+00 0.000e+00 0.000e+00
 0.000e+00 0.000e+00 4.000e+00 3.201e+03 1.000e+00 4.200e+01 4.990e+02
 1.000e+00 0.000e+00]","[0.000e+00 5.000e+00 0.000e+00 6.000e+00 0.000e+00 0.000e+00 0.000e+00
 0.000e+00 0.000e+00 4.000e+00 3.201e+03 1.000e+00 4.200e+01 4.990e+02
 1.000e+00 0.000e+00]"
98,unsat,47,45,6,0,0,0.9612,0.0,0.9612,0,0.9612,0.72,1.15,0,0.0,1.15,0,0,0.887,0.1312,-,,
99,sat,48,45,6,0,0,0.8992,0.0,0.9147,0,0.9147,2.375,2.61,0,0.0,2.61,1,1,0.887,0.1307,-,"[  1.   3.   0.   4.   0.   1.   0.   0.   0.   6. 306.  -3.  44. 720.
   2.   2.]","[  0.   3.   0.   4.   0.   1.   0.   0.   0.   6. 306.  -3.  44. 720.
   2.   2.]"
100,sat,49,45,6,0,0,0.907,0.0,0.9225,0,0.9225,0.046,0.86,0,0.0,0.86,1,1,0.887,0.1307,-,"[1.000e+00 1.000e+01 2.000e+00 0.000e+00 0.000e+00 1.000e+00 1.000e+00
 1.000e+00 1.100e+01 0.000e+00 1.001e+03 0.000e+00 4.800e+01 5.600e+02
 6.000e+00 2.000e+00]","[0.000e+00 1.000e+01 2.000e+00 0.000e+00 0.000e+00 1.000e+00 1.000e+00
 1.000e+00 1.100e+01 0.000e+00 1.001e+03 0.000e+00 4.800e+01 5.600e+02
 6.000e+00 2.000e+00]"
101,unsat,49,46,6,0,0,0.9457,0.0,0.9457,0,0.9457,0.027,0.23,0,0.0,0.23,0,0,0.887,0.1312,-,,
102,unsat,49,47,6,0,0,0.9457,0.0,0.9457,0,0.9457,0.029,0.27,0,0.0,0.27,0,0,0.887,0.1312,-,,
103,unsat,49,48,6,0,0,0.9535,0.0078,0.9535,0,0.9535,2.355,3.36,0,0.0,3.36,0,0,0.887,0.1312,-,,
104,unsat,49,49,6,0,0,0.969,0.0,0.969,0,0.969,0.106,0.47,0,0.0,0.47,0,0,0.887,0.1312,-,,
105,unsat,49,50,6,0,0,0.9457,0.0,0.9457,0,0.9457,0.019,0.19,0,0.0,0.19,0,0,0.887,0.1312,-,,
106,unknown,49,50,7,1,0,0.0388,0.0,0.062,0.1938,0.2558,103.388,115.24,102.134,102.98,218.22,0,0,0.887,0.1329,-,,
107,sat,50,50,7,0,0,0.8605,0.0,0.876,0,0.876,1.644,4.24,0,0.0,4.24,1,1,0.887,0.1307,-,"[  1.  10.   0.   1.   1.   0.   0.   1.   1.   0. 301.  -1.  50. 157.
   4.   0.]","[  0.  10.   0.   1.   1.   0.   0.   1.   1.   0. 301.  -1.  50. 157.
   4.   0.]"
108,unsat,50,51,7,0,0,0.9612,0.0,0.9612,0,0.9612,0.827,1.22,0,0.0,1.22,0,0,0.887,0.1312,-,,
109,sat,51,51,7,0,0,0.8992,0.0,0.9147,0,0.9147,0.264,1.06,0,0.0,1.06,0,0,0.887,0.1307,-,"[  1.   6.   2.   6.   0.   1.   0.   0.   0.   6. 600.  -3.  50. 899.
   6.   2.]","[  0.   6.   2.   6.   0.   1.   0.   0.   0.   6. 600.  -3.  50. 899.
   6.   2.]"
110,unsat,51,52,7,0,0,0.969,0.0,0.969,0,0.969,0.113,0.48,0,0.0,0.48,0,0,0.887,0.1312,-,,
111,unsat,51,53,7,0,0,0.9457,0.0,0.9457,0,0.9457,0.026,0.22,0,0.0,0.22,0,0,0.887,0.1312,-,,
112,sat,52,53,7,0,0,0.8992,0.0,0.9147,0,0.9147,0.319,1.32,0,0.0,1.32,0,0,0.887,0.1307,-,"[  1.   8.   2.   3.   1.   0.   0.   1.   0.   1. 800.  -1.  49. 597.
   7.   1.]","[  0.   8.   2.   3.   1.   0.   0.   1.   0.   1. 800.  -1.  49. 597.
   7.   1.]"
113,unsat,52,54,7,0,0,0.9535,0.0078,0.9535,0,0.9535,2.144,3.14,0,0.0,3.14,0,0,0.887,0.1312,-,,
114,sat,53,54,7,0,0,0.9457,0.0,0.9457,0,0.9457,0.053,0.26,0,0.0,0.26,1,1,0.887,0.1331,-,"[ 1.000e+00  4.000e+00  1.000e+00  2.000e+00  1.000e+00  1.000e+00
  1.000e+00  0.000e+00  5.000e+00  6.000e+00  1.902e+03 -3.000e+00
  1.900e+01  3.100e+02  1.000e+00  0.000e+00]","[ 0.000e+00  4.000e+00  1.000e+00  2.000e+00  1.000e+00  1.000e+00
  1.000e+00  0.000e+00  5.000e+00  6.000e+00  1.902e+03 -3.000e+00
  1.900e+01  3.100e+02  1.000e+00  0.000e+00]"
115,sat,54,54,7,0,0,0.907,0.0,0.9225,0,0.9225,0.304,2.78,0,0.0,2.78,0,0,0.887,0.1327,-,"[0.000e+00 1.000e+00 0.000e+00 0.000e+00 1.000e+00 1.000e+00 1.000e+00
 0.000e+00 1.100e+01 2.000e+00 1.001e+03 1.000e+00 4.700e+01 2.990e+02
 7.000e+00 0.000e+00]","[1.000e+00 1.000e+00 0.000e+00 0.000e+00 1.000e+00 1.000e+00 1.000e+00
 0.000e+00 1.100e+01 2.000e+00 1.001e+03 1.000e+00 4.700e+01 2.990e+02
 7.000e+00 0.000e+00]"
116,sat,55,54,7,1,1,0.5194,0.0,0.5426,0.0775,0.6202,100.295,125.44,9.395,9.75,135.19,0,0,0.887,0.1307,-,"[  1.   4.   0.   1.   1.   0.   1.   0.  11.   3. 168.  -3.  34. 299.
   3.   0.]","[  0.   4.   0.   1.   1.   0.   1.   0.  11.   3. 168.  -3.  34. 299.
   3.   0.]"
